EduType,SessionID,Delivery,ParticipantID,Q4_Age,Q5_Specialisation,Q8_Stage_of_training__position,Q7_Gender,NFC1_I_would_prefer_complex_to_simple_problems,NFC2_I_like_to_have_the_responsibility_of_handling_a_situation_that_requires_a_lot_of_thinking,NFC3r_Thinking_is_not_my_idea_of_fun,NFC4r_I_would_rather_do_something_that_requires_little_thought_than_something_that_is_sure_to_challenge_my_thinking_abilities,NFC5_I_really_enjoy_a_task_that_involves_coming_up_with_new_solutions_to_problems,NFC6_I_would_prefer_a_task_that_is_intellectual_difficult_and_important_to_one_that_is_somewhat_important_but_does_not_require_much_thought,ExAnSt1_Given_your_current_understanding_how_optimistic_are_you_about_improvement_in_symptoms_in_patients_presenting_with_anxiety_disorder,ExAnSt2_Given_your_current_understanding_how_willing_do_you_think_patients_would_be_to_share_anxiety_disorder_diagnoses,ExAnSt3_Given_your_current_understanding_how_effective_do_you_think_a_combination_of_medication_and_psychotherapy_will_be_to_improve_outcomes_in_anxiety_disorder,ExAnSt4_Given_your_current_understanding_how_effective_do_you_think_psychosocial_interventions_will_be_in_improving_outcomes_in_anxiety_disorder,ExAnSt5_Given_your_current_understanding_how_strong_a_role_do_individuals_have_to_instigate_or_mitigate_their_anxiety,ExAnSt6_Given_your_current_understanding_how_unchangeable_are_an_individuals_anxiety_symptoms,ExAnSt7_Given_your_current_understanding_how_deeply_do_you_feel_you_understand_anxiety_disorders,ExAnSt8_Given_current_public_knowledge_of_anxiety_how_willing_do_you_think_people_are_to_seek_psychiatric_help_for_anxiety,Attention1_If_you_are_paying_attention_to_this_questionnaire_please_select_option_2,EBQ1_Once_people_are_experiencing_negative_emotions_there_is_nothing_they_can_do_about_modifying_them,EBQ2_People_cannot_control_their_positive_emotions,EBQ3_There_is_very_little_use_for_negative_emotions,EBQ4_Positive_emotions_are_very_unhelpful_to_people,EBQ5_It_doesnt_matter_how_hard_people_try_they_cannot_change_their_negative_emotions,EBQ6_People_cannot_learn_techniques_to_effectively_control_their_positive_emotions,EBQ7_People_dont_need_their_negative_emotions,EBQ8_There_is_very_little_use_for_positive_emotions,EBQ9_People_cannot_control_their_negative_emotions,EBQ10_It_doesnt_matter_how_hard_people_try_they_cannot_change_their_positive_emotions,EBQ11_Negative_emotions_are_harmful,EBQ12_People_dont_need_their_positive_emotions,EBQ13_People_cannot_learn_techniques_to_effectively_control_their_negative_emotions,EBQ14_Once_people_are_experiencing_positive_emotions_there_is_nothing_they_can_do_about_modifying_them,EBQ15_The_presence_of_negative_emotions_is_a_bad_thing_for_people,EBQ16_Positive_emotions_are_harmful,password_continue_Please_enter_the_password_here,Q38_How_would_you_rate_your_comprehension_of_the_presentation,Q88_Do_you_think_this_information_is_useful_for_patients,Q90_Do_you_think_this_information_is_useful_for_clinicians,ExAnSt21_Given_the_information_provided_in_this_education_session_how_optimistic_are_you_about_improvement_in_symptoms_in_patients_presenting_with_anxiety_disorder,ExAnSt22_Given_the_information_provided_in_this_education_session_how_willing_do_you_think_patients_would_be_to_share_anxiety_disorder_diagnoses,ExAnSt23_Given_the_information_provided_in_this_education_session_how_effective_do_you_think_a_combination_of_medication_and_psychotherapy_will_be_to_improve_outcomes_in_anxiety_disorder,ExAnSt24_Given_the_information_provided_in_this_education_session_how_effective_do_you_think_psychosocial_interventions_will_be_in_improving_outcomes_in_anxiety_disorder,ExAnSt25_Given_the_information_provided_in_this_education_session_how_strong_a_role_do_individuals_have_to_instigate_or_mitigate_their_anxiety,ExAnSt26_Given_the_information_provided_in_this_education_session_how_unchangeable_are_an_individuals_anxiety_symptoms,ExAnSt27_Given_the_information_provided_in_this_education_session_how_deeply_do_you_feel_you_understand_anxiety_disorders,ExAnSt28_If_the_information_provided_in_this_education_session_was_publicly_known_how_willing_do_you_think_people_would_be_to_seek_psychiatric_help_for_anxiety,Attention2_If_you_are_paying_attention_to_this_questionnaire_please_select_option_2,EBQ21_Once_people_are_experiencing_negative_emotions_there_is_nothing_they_can_do_about_modifying_them,EBQ22_People_cannot_control_their_positive_emotions,EBQ23_There_is_very_little_use_for_negative_emotions,EBQ24_Positive_emotions_are_very_unhelpful_to_people,EBQ25_It_doesnt_matter_how_hard_people_try_they_cannot_change_their_negative_emotions,EBQ26_People_cannot_learn_techniques_to_effectively_control_their_positive_emotions,EBQ27_People_dont_need_their_negative_emotions,EBQ28_There_is_very_little_use_for_positive_emotions,EBQ29_People_cannot_control_their_negative_emotions,EBQ210_It_doesnt_matter_how_hard_people_try_they_cannot_change_their_positive_emotions,EBQ211_Negative_emotions_are_harmful,EBQ212_People_dont_need_their_positive_emotions,EBQ213_People_cannot_learn_techniques_to_effectively_control_their_negative_emotions,EBQ214_Once_people_are_experiencing_positive_emotions_there_is_nothing_they_can_do_about_modifying_them,EBQ215_The_presence_of_negative_emotions_is_a_bad_thing_for_people,EBQ216_Positive_emotions_are_harmful
Evo,Evo_1,0,Evo_1-1,24,Psychiatry,F1,2,5,5,3,2,3,3,5,4,6,5,7,3,5,5,2,1,3,1,2,2,2,2,2,2,1,2,2,2,1,1,2,continue,5,5,5,7,6,6,6,6,7,6,6,2,2,1,1,2,2,1,2,2,1,2,2,2,1,1,1,2
Evo,Evo_1,0,Evo_1-2,26,Psychiatry,F2,2,2,2,5,3,3,2,5,3,6,5,7,3,5,2,2,2,2,1,1,2,2,1,1,2,2,3,1,2,2,2,1,continue,4,4,4,5,5,5,5,7,5,4,5,2,2,2,2,1,2,2,1,1,2,2,2,1,2,2,2,1
Evo,Evo_1,0,Evo_1-3,24,FY1 - psychiatry,Fy1,2,2,3,2,3,3,6,4,3,6,6,5,4,4,5,2,3,5,3,1,3,4,2,1,6,6,7,1,3,4,6,1,continue,4,4,5,5,4,7,7,7,4,5,7,2,2,5,2,1,3,4,1,1,3,3,6,1,2,3,2,1
Evo,Evo_1,0,Evo_1-5,31,GP,ST2,1,6,1,1,1,6,6,7,5,7,4,7,2,4,5,2,1,1,1,1,1,1,1,1,1,1,1,1,1,1,1,1,continue,4,3,4,4,5,6,5,5,3,4,5,2,1,4,1,1,7,1,1,1,1,1,1,1,1,1,1,1
Evo,Evo_1,0,Evo_1-6,25,FY1 doctor,FY1 doctor,1,3,3,3,3,3,3,4,5,6,5,7,3,5,4,2,1,1,3,1,1,1,1,1,1,1,1,1,1,1,1,1,continue,4,4,5,5,5,7,6,7,5,5,6,2,1,1,1,1,1,1,1,1,1,1,1,1,1,1,1,1
Evo,Evo_1,0,Evo_1-7,24,Psychiatry,Foundation 2,2,5,5,1,2,5,5,5,2,5,6,3,2,5,2,2,2,1,1,1,1,1,1,1,2,2,3,1,2,1,4,2,continue,4,5,5,6,3,7,6,6,6,6,5,2,2,1,1,1,2,1,1,1,1,1,2,1,1,1,2,1
Evo,Evo_1,0,Evo_1-8,26,Junior Doctor,F3,1,6,6,1,1,6,5,4,7,4,4,6,4,5,7,2,1,1,1,4,1,1,4,1,1,1,4,1,1,1,4,4,continue,3,4,4,3,6,5,2,2,2,6,4,2,1,1,1,1,1,1,1,1,1,1,4,1,1,1,4,4
Evo,Evo_10,1,Evo_10-1,39,General adult psychiatry,ST5,2,3,3,3,2,5,2,5,4,6,6,5,5,5,4,2,2,2,3,1,2,2,2,2,3,2,3,2,2,2,2,1,continue,3,4,4,4,4,4,4,4,4,4,4,2,2,2,2,2,2,2,2,2,2,2,2,2,2,2,2,2
Evo,Evo_10,1,Evo_10-2,32,General Adult Psychiatry,ST6,1,3,3,2,2,5,2,5,3,7,7,7,2,5,4,2,1,1,1,1,1,1,1,1,1,1,3,1,1,1,1,1,continue,4,3,4,7,4,7,7,7,7,5,5,2,1,1,1,1,1,1,1,1,1,1,1,1,1,1,1,1
Evo,Evo_10,1,Evo_10-4,32,Psychiatry,ST5,2,6,6,1,1,5,6,6,7,5,7,6,2,4,4,2,1,2,1,1,2,2,2,2,2,2,1,1,2,2,2,1,continue,5,5,5,7,7,6,7,6,6,5,6,2,1,1,2,2,2,2,1,2,1,2,3,1,2,2,2,1
Evo,Evo_10,1,Evo_10-5,34,Psychiatry,ST6,2,3,3,2,2,3,2,5,5,5,5,5,3,5,4,2,2,3,1,1,2,2,1,1,1,2,3,1,2,2,3,1,continue,3,3,4,5,6,6,5,6,5,5,5,2,1,1,2,1,1,2,3,1,3,2,2,1,2,1,2,1
Evo,Evo_10,1,Evo_10-6,29,Psychiatry,ST4,2,5,3,2,2,5,5,7,3,6,5,5,1,3,2,2,1,1,1,1,1,1,1,1,1,1,1,1,1,1,1,1,continue,5,5,5,7,4,6,5,5,6,5,5,2,1,1,1,1,1,1,1,1,1,1,1,1,1,1,1,1
Evo,Evo_10,1,Evo_10-7,34,Psychiatry,ST7,1,5,3,1,2,2,3,5,3,5,5,3,3,5,4,2,2,2,1,1,2,2,1,1,2,2,1,1,2,2,1,1,continue,3,4,4,4,5,5,4,4,4,5,4,2,3,3,1,1,1,2,1,1,2,2,1,1,2,2,1,1
Evo,Evo_10,1,Evo_10-8,32,Adult psychiatry,ST6,1,3,5,2,2,5,3,5,4,5,5,6,4,5,3,2,3,5,1,1,3,3,1,1,3,3,2,1,3,3,1,3,continue,4,4,4,5,5,6,6,5,5,6,5,2,3,5,1,1,3,3,1,1,1,3,1,1,3,3,1,1
Evo,Evo_10,1,Evo_10-9,33,General adult psychiatry,St4,1,5,6,1,2,6,6,5,4,5,3,6,4,4,4,2,1,1,1,1,1,1,1,1,1,1,1,1,1,1,1,1,continue,5,3,4,5,5,5,5,5,5,5,5,2,2,1,1,1,1,1,1,1,1,1,1,1,1,1,1,1
Evo,Evo_10,1,Evo_10-10,32,General Adult,ST4,2,1,1,6,6,6,1,5,7,7,5,7,4,4,3,2,1,5,3,1,6,1,1,1,1,1,7,1,1,1,7,3,continue,2,2,3,4,4,4,4,4,5,5,4,2,4,5,5,1,6,3,5,4,4,3,7,1,2,3,7,3
Evo,Evo_10,1,Evo_10-11,30,Psychiatry,St4,2,5,5,2,2,5,5,4,3,5,5,5,2,4,3,2,2,3,1,1,2,2,1,1,2,2,1,1,2,2,1,1,continue,4,4,4,5,3,5,4,4,2,5,4,2,2,2,1,1,2,2,1,1,2,2,1,1,2,2,1,1
Evo,Evo_10,1,Evo_10-12,34,Psychiatrist,ST5,2,3,5,2,3,3,5,5,7,5,5,6,5,5,5,2,1,1,1,1,2,2,1,1,2,1,1,1,1,1,1,1,continue,5,4,5,6,7,6,6,7,7,6,7,2,1,1,1,1,1,1,1,1,1,1,1,1,1,1,1,1
Evo,Evo_10,1,Evo_10-13,34,Psychiatry,ST4,4,3,3,3,3,6,3,6,5,6,5,3,5,4,6,2,2,3,2,6,2,1,2,2,3,3,2,2,2,2,2,2,continue,4,3,4,2,6,6,6,4,2,4,4,2,1,1,1,1,1,1,1,1,2,2,1,1,1,1,1,1
Evo,Evo_10,1,Evo_10-14,34,Doctor,St5,1,3,5,2,2,3,5,4,4,4,4,4,4,4,4,2,3,3,1,1,3,2,1,1,3,3,2,2,3,3,3,3,continue,3,2,4,4,4,4,4,4,4,4,4,2,3,3,1,1,3,3,1,1,1,3,3,3,3,3,3,3
Evo,Evo_10,1,Evo_10-15,30,General Adult Psychiatry,ST4,2,3,3,2,1,3,6,6,3,7,6,6,3,5,4,2,2,1,1,1,1,2,1,1,2,1,4,1,1,1,4,3,continue,4,5,5,7,4,7,6,7,6,6,7,2,1,1,1,1,1,1,1,1,1,1,1,1,1,1,1,1
Evo,Evo_10,1,Evo_10-16,34,Old age psychiatry,St6,2,2,2,3,3,3,2,4,6,6,5,6,3,4,6,2,1,2,2,4,3,3,3,3,2,2,5,2,3,2,6,1,continue,3,4,4,4,6,6,5,5,3,5,7,2,2,2,2,6,2,3,4,2,2,2,6,1,2,3,5,2
Evo,Evo_10,1,Evo_10-17,39,General adult psychiatry,St6-acting up,2,3,5,2,5,5,5,5,5,7,7,5,3,7,5,2,2,2,3,1,2,1,2,1,2,1,3,1,1,3,3,1,continue,3,2,3,5,5,7,5,5,5,5,5,2,2,2,2,1,2,2,2,1,2,2,3,1,2,2,3,1
Evo,Evo_10,1,Evo_10-19,42,General Adult Psychiatry,ST4,1,2,3,1,5,5,3,5,4,6,7,7,4,4,3,2,3,3,2,2,2,3,2,1,2,2,4,2,2,2,4,2,continue,3,5,5,5,5,7,6,5,5,5,4,2,2,2,1,1,1,1,1,1,2,1,2,1,1,2,1,1
Evo,Evo_10,1,Evo_10-20,31,Gen adult,ST4,1,1,3,1,1,6,5,4,7,4,6,6,4,5,4,2,1,1,1,1,1,1,1,1,1,1,1,1,1,1,1,1,continue,4,4,4,4,6,4,6,7,5,6,6,2,1,1,1,1,1,1,1,1,1,1,1,1,1,1,1,1
Evo,Evo_10,1,Evo_10-21,31,GA Psych,ST4,1,6,6,1,1,6,6,5,5,6,4,7,2,4,3,2,1,1,1,1,1,1,1,1,1,1,1,1,1,1,1,1,continue,4,4,5,4,6,7,4,5,6,4,6,2,1,1,1,1,1,1,1,1,1,1,1,1,1,1,1,1
Evo,Evo_10,1,Evo_10-22,31,General adult psychiatry,ST4,2,1,1,6,6,1,1,3,3,4,4,3,3,4,3,2,1,1,2,1,1,1,1,1,1,1,3,1,1,1,2,1,continue,4,5,5,4,3,4,4,3,4,4,4,2,1,1,2,1,1,1,1,1,1,1,2,1,1,1,2,1
Evo,Evo_10,1,Evo_10-23,32,Old age psychiatry,St4,2,5,5,3,3,3,1,5,3,6,6,2,2,4,4,2,1,2,3,1,2,1,2,1,5,2,4,2,2,2,2,1,continue,4,3,3,5,4,5,4,2,3,4,4,2,2,2,3,1,1,1,1,1,2,2,2,1,1,1,2,1
Evo,Evo_10,1,Evo_10-24,33,General Adult Psychiatry,Registrar,2,3,3,2,2,2,3,3,3,6,6,5,5,3,4,2,3,2,3,1,3,2,2,3,3,3,3,3,1,2,3,1,continue,4,5,4,4,4,6,4,5,4,4,4,2,3,3,1,5,3,3,2,2,3,3,2,2,3,3,4,1
Evo,Evo_10,1,Evo_10-25,34,general adult,st5,2,5,5,1,2,6,6,5,5,5,4,4,2,3,4,2,3,6,3,1,3,4,2,1,3,6,2,1,2,3,3,1,continue,5,5,5,6,4,6,5,4,3,5,6,2,3,5,1,1,3,3,1,1,5,5,2,1,3,3,1,1
Evo,Evo_10,1,Evo_10-26,31,Psychiatry,St4,1,6,3,1,1,6,1,6,7,6,5,6,2,5,6,2,1,2,1,1,1,1,1,1,1,1,3,1,1,1,1,1,continue,4,4,5,6,5,5,5,4,5,6,4,2,1,1,1,1,1,1,1,1,1,1,1,1,1,1,1,1
Evo,Evo_10,1,Evo_10-27,31,General Adult Psychiatry,ST4,1,5,5,1,2,5,5,6,5,6,6,5,2,5,6,2,2,3,2,1,3,2,2,1,3,3,3,1,2,3,3,1,continue,4,4,4,5,6,6,6,4,5,6,5,2,2,3,1,1,2,3,1,1,2,3,2,1,1,3,3,1
Evo,Evo_10,1,Evo_10-28,33,Psychiatry general and older adult,St6,2,3,3,1,5,3,3,5,3,6,5,5,4,5,4,2,2,4,3,2,3,3,2,2,2,2,3,2,3,3,2,2,continue,3,3,4,5,4,5,5,3,3,5,5,2,3,2,2,3,2,2,2,2,3,3,2,2,2,2,2,2
Evo,Evo_10,1,Evo_10-29,35,GAP,ST4,2,3,2,3,2,5,6,3,6,6,5,7,4,5,3,2,1,1,1,1,1,1,2,1,1,1,1,1,1,1,1,1,continue,3,5,5,6,4,6,5,7,4,7,5,2,1,1,1,5,1,1,1,1,3,3,1,1,1,1,1,1
Evo,Evo_10,1,Evo_10-30,35,Psychiatry,St4,1,5,6,2,3,6,6,4,6,4,5,5,2,4,5,2,3,2,2,1,1,1,1,1,4,1,1,1,1,1,1,1,continue,3,3,3,5,6,5,4,4,1,5,4,2,5,2,1,1,5,1,1,1,5,1,1,1,1,2,1,1
Evo,Evo_10,1,Evo_10-31,32,OA/ GA psychiatry,ST6,2,3,5,2,3,5,3,2,5,5,5,4,5,5,3,2,2,2,2,2,2,2,2,2,2,2,2,2,2,2,3,2,continue,4,5,5,5,5,6,5,4,4,6,6,2,3,3,2,2,3,3,2,2,3,3,4,3,3,3,3,3
Evo,Evo_10,1,Evo_10-32,31,psychiatry general adult,ST4,2,2,5,1,1,5,3,2,7,7,5,7,4,5,3,2,1,5,1,1,1,1,1,1,1,1,1,1,1,1,1,1,continue,5,5,4,7,7,7,6,7,4,6,7,2,1,5,1,1,1,1,1,1,1,1,3,1,1,5,2,1
Evo,Evo_10,1,Evo_10-33,39,Forensic psychiatry,St4,2,5,3,2,3,5,5,4,5,4,5,5,5,5,3,2,1,1,1,1,1,1,1,1,1,1,5,1,1,1,3,3,continue,5,4,4,3,5,5,6,5,5,5,4,2,2,2,2,2,3,3,2,2,2,2,5,2,3,2,6,5
Evo,Evo_10,1,Evo_10-34,33,General adult psych,St4,2,5,5,1,1,5,6,6,4,6,5,5,1,5,3,2,2,2,3,1,1,1,1,1,2,1,3,3,1,3,3,3,continue,4,4,2,7,4,6,6,6,6,7,4,2,2,2,2,2,2,2,3,2,3,2,3,3,3,3,6,1
Evo,Evo_2,0,Evo_2-1,38,O.A/G.A Psychiatry,ST5,2,5,5,1,1,5,5,5,5,6,7,7,7,6,4,2,1,1,1,1,1,1,1,1,1,1,4,1,1,1,4,1,continue,5,5,5,4,5,7,6,7,7,7,4,2,1,1,1,1,1,1,1,1,1,1,1,1,1,1,1,1
Evo,Evo_2,0,Evo_2-2,40,general adult /old age psychiatry,higher trainee,2,3,5,1,1,6,3,7,6,7,7,5,1,5,6,2,1,1,1,1,1,1,2,2,2,2,2,2,2,2,2,2,continue,3,NA,3,7,6,6,5,6,6,5,6,2,1,1,1,1,1,1,1,1,1,1,1,1,1,1,1,1
Evo,Evo_2,0,Evo_2-3,38,general adult psychiatry,ST5,2,3,3,3,3,3,3,6,4,7,7,7,3,7,4,2,1,1,1,1,1,1,1,1,1,1,1,1,1,1,1,1,continue,3,2,2,4,4,4,4,4,4,4,4,2,1,1,1,1,1,1,1,1,1,1,1,1,1,1,1,1
Evo,Evo_2,0,Evo_2-4,xx,general adult psychiatry,st5,1,3,3,3,3,3,3,4,4,6,6,6,4,4,4,2,2,4,4,4,4,4,4,4,4,4,4,4,4,4,4,4,continue,4,4,4,4,4,4,4,4,4,4,6,2,4,4,4,4,4,4,4,4,4,4,4,4,4,4,4,4
Evo,Evo_2,0,Evo_2-5,43,Psychiatry,ST4,1,3,5,2,2,5,5,5,6,5,5,5,5,5,5,2,1,5,1,1,1,3,1,1,5,1,1,1,2,1,1,1,continue,4,5,5,5,6,5,5,6,4,6,6,2,1,4,1,1,1,3,1,1,4,1,1,1,3,1,1,1
Evo,Evo_2,0,Evo_2-6,47,Psychiatry,ST7,2,2,5,1,2,5,5,3,4,7,7,4,4,5,5,2,1,4,1,1,1,1,1,1,1,1,1,1,1,1,1,1,continue,3,4,4,5,5,4,7,7,6,5,6,2,1,1,1,1,1,1,1,1,1,1,1,1,1,1,1,1
Evo,Evo_3,0,Evo_3-1,36,Gen and old age psychiatry,ST5,2,3,5,2,2,2,5,6,6,7,7,7,4,5,3,2,2,2,1,1,1,1,1,1,2,2,1,1,1,2,1,1,continue,4,5,5,7,6,7,7,6,7,7,6,2,2,2,1,1,1,1,1,1,1,1,1,1,1,1,1,1
Evo,Evo_3,0,Evo_3-2,41,Psyciatry,ST6,2,3,5,2,2,5,3,4,6,7,5,2,2,4,5,2,2,3,2,2,2,2,2,2,2,2,3,2,2,2,3,2,continue,5,5,5,6,6,6,6,6,6,6,5,2,2,2,3,2,2,2,2,2,2,2,3,3,3,3,2,1
Evo,Evo_3,0,Evo_3-3,32,Psychiatry,ST6,2,3,2,2,5,5,3,5,6,7,7,7,6,6,5,2,1,1,1,1,1,1,1,1,1,1,1,1,1,1,1,1,continue,4,4,5,5,6,7,6,4,5,6,6,2,4,1,1,2,2,2,1,1,1,1,1,1,1,1,1,1
Evo,Evo_3,0,Evo_3-5,30,Psychiatry,Core Trainee,1,1,2,3,6,3,5,5,5,5,5,7,4,2,2,2,5,5,1,1,3,3,1,1,6,6,4,3,1,1,1,1,continue,3,5,5,6,4,6,6,5,5,4,3,2,4,4,4,1,3,1,1,1,6,5,3,1,3,5,1,1
Evo,Evo_3,0,Evo_3-6,30,Psychiatry,CT3,2,1,1,1,1,6,1,5,2,7,7,6,3,4,4,2,1,7,1,1,1,1,1,1,1,1,1,1,1,1,1,1,continue,3,4,4,5,4,7,7,7,6,4,5,2,1,1,1,1,1,1,1,1,1,1,1,1,1,1,1,1
Evo,Evo_3,0,Evo_3-7,29,Psychiatry,Specialty Doctor,2,2,6,1,1,5,2,6,5,7,6,6,4,4,2,2,3,3,1,1,1,4,1,2,4,4,1,4,1,2,1,4,continue,4,2,3,4,4,3,5,4,6,4,5,2,4,4,1,4,4,1,1,4,4,4,1,4,1,4,1,4
Evo,Evo_4,1,Evo_4-3,56,Psychiatry of Later Life,Independent Consultant,1,6,3,1,1,6,5,7,4,7,7,5,1,6,5,2,1,1,1,1,1,1,1,1,1,1,4,1,1,1,4,1,continue,4,5,5,7,5,5,7,7,7,5,5,2,1,1,1,1,1,1,1,1,1,1,1,1,1,1,1,1
Evo,Evo_4,1,Evo_4-4,36,Psychiatry,Registrar,1,3,3,3,2,6,3,5,4,7,5,6,4,4,6,2,4,4,4,4,4,4,4,4,4,1,4,1,1,1,1,1,continue,3,3,4,6,6,7,5,5,6,5,6,2,2,2,3,2,1,1,3,1,2,2,3,2,2,2,2,2
Evo,Evo_4,1,Evo_4-6,50,General Adult Psychiatry,Consultant,1,3,3,3,3,3,3,6,5,6,4,5,5,6,6,2,1,1,2,1,1,1,1,1,1,1,3,1,1,2,2,2,continue,5,5,5,7,7,7,7,7,7,7,7,2,1,1,3,1,1,1,1,1,1,1,2,1,1,7,2,1
Evo,Evo_5,0,Evo_5-2,51,General Adult Psychiatry,Consultant,2,3,3,2,5,5,3,6,3,6,5,7,3,5,4,2,2,2,2,2,2,2,2,2,2,2,5,2,2,2,2,2,continue,3,3,3,6,5,4,5,7,6,4,4,2,2,2,2,2,1,1,2,2,2,2,3,2,2,2,2,3
Evo,Evo_5,0,Evo_5-3,40,GA psychiatry,Consultant,2,6,6,1,2,6,2,5,5,5,5,5,3,5,4,2,2,2,2,2,2,2,2,2,2,2,2,2,2,2,2,2,continue,3,4,4,5,6,5,6,5,6,5,5,2,2,2,2,2,2,2,2,2,2,2,2,2,2,2,3,2
Evo,Evo_5,0,Evo_5-4,31,Psychiatry,ST4,1,3,5,3,5,3,2,6,5,7,6,6,1,5,5,2,1,1,1,1,1,1,1,1,1,1,2,2,1,1,7,1,continue,4,4,4,6,6,6,6,7,6,6,6,2,1,2,1,2,1,1,2,2,1,1,2,2,1,1,7,1
Evo,Evo_5,0,Evo_5-5,42,GA psychiatry,St5,2,6,6,6,1,6,6,5,6,6,7,7,6,6,5,2,1,1,1,1,1,1,1,6,5,1,1,1,1,1,1,1,continue,5,5,5,7,6,7,7,6,7,7,5,2,1,1,1,1,1,1,1,1,1,1,1,1,1,1,1,1
Evo,Evo_5,0,Evo_5-6,48,Old age psychiatry,Specialty doctor,2,5,3,5,5,6,3,5,4,6,7,6,3,6,3,2,1,5,2,2,1,2,1,1,1,2,3,2,1,3,2,4,continue,4,5,5,5,5,6,4,4,5,4,4,2,2,4,2,3,3,2,2,2,3,3,3,1,2,2,3,4
Evo,Evo_5,0,Evo_5-7,28,Psychiatry,Core trainee,2,3,3,2,2,3,3,5,4,7,7,5,6,4,5,2,4,4,4,4,1,1,4,4,4,4,4,4,7,1,4,4,continue,4,3,4,5,4,6,5,4,4,4,4,2,4,4,4,4,4,7,1,1,4,1,4,4,1,4,4,4
Evo,Evo_5,0,Evo_5-9,56,General adult psychiatry,Consultant,2,5,5,1,3,6,5,5,3,7,7,5,4,6,3,2,1,4,1,1,1,2,1,1,1,2,1,1,1,1,1,1,continue,4,4,4,7,3,7,7,7,5,6,5,2,1,2,1,1,1,2,1,1,1,2,1,1,1,2,1,1
Evo,Evo_5,0,Evo_5-10,66,General Adult Psychiatry,Consultant,1,5,5,3,5,6,5,4,4,7,5,5,4,5,3,2,2,3,4,3,2,2,3,2,3,3,6,2,2,3,3,3,continue,3,3,4,5,5,6,6,6,5,5,7,2,2,3,3,2,2,2,2,2,2,2,3,2,2,2,4,3
Evo,Evo_5,0,Evo_5-11,52,psychiatry of ID,consultant,2,5,5,2,1,6,3,6,5,6,7,6,2,5,4,2,1,2,2,1,1,1,2,1,2,1,3,1,1,1,2,1,continue,4,4,5,6,6,6,6,6,6,5,4,2,2,2,2,2,1,1,1,1,2,1,2,1,1,1,2,2
Evo,Evo_6,0,Evo_6-1,28,Psychiatry,CT1,1,1,6,1,1,6,6,4,4,5,5,4,3,5,6,2,2,3,1,1,1,1,1,1,3,1,1,1,1,1,1,1,continue,3,3,3,4,4,5,5,5,4,5,4,2,1,3,1,1,1,1,1,1,1,1,1,1,1,1,1,1
Evo,Evo_6,0,Evo_6-2,36,Forensic psy,St6,2,3,6,1,1,3,6,2,6,3,6,5,5,5,6,2,1,3,1,1,1,1,1,1,1,1,1,1,1,1,1,1,continue,3,3,4,2,5,4,6,5,2,4,4,2,1,1,1,1,1,1,1,1,1,1,1,1,1,1,1,1
Evo,Evo_6,0,Evo_6-3,35,Psychiatry,Consultant,1,3,5,2,2,5,3,6,5,7,6,6,5,5,5,2,2,3,3,3,2,1,2,2,3,3,3,3,2,2,4,2,continue,4,4,4,6,6,6,6,6,6,6,6,2,2,3,2,2,2,2,2,2,2,3,3,3,2,2,3,2
Evo,Evo_6,0,Evo_6-4,34,Child psychiatry,Specialty doctor,2,3,3,3,2,6,3,7,4,7,7,6,3,5,3,2,1,1,1,1,1,2,2,1,3,1,4,1,1,1,1,1,continue,3,4,4,6,5,7,7,6,4,5,5,2,1,2,3,1,1,1,1,1,1,2,1,1,1,1,1,1
Evo,Evo_6,0,Evo_6-5,33,Psychiatry,Core trainee -year 2,2,3,3,1,1,5,3,5,5,7,6,5,2,6,2,2,3,3,1,1,1,4,1,1,6,4,4,1,2,2,1,1,continue,3,3,5,5,4,7,6,6,5,6,3,2,2,2,2,2,2,3,1,2,6,4,1,1,2,3,1,1
Evo,Evo_6,0,Evo_6-7,30,Psychiatry,CT3,2,3,3,1,2,5,5,4,3,6,4,2,4,5,3,2,3,3,2,2,3,2,1,2,6,2,3,2,2,3,2,2,continue,4,3,5,3,4,6,5,4,3,5,5,2,5,5,3,3,5,3,2,2,5,4,2,2,2,3,2,2
Evo,Evo_6,0,Evo_6-8,35,General Pyschiatry,Registrar,1,2,5,6,1,6,3,7,2,7,7,4,2,5,4,2,1,4,2,1,2,4,4,1,1,4,6,1,1,2,6,1,continue,3,4,3,7,4,7,4,4,4,4,5,2,4,4,4,1,4,4,4,1,4,4,7,1,1,4,4,1
Evo,Evo_7,1,Evo_7-1,29,Psychiatry,CT1,1,3,5,2,2,5,2,6,5,6,6,6,2,5,5,2,2,3,2,1,2,3,1,1,2,3,2,1,1,2,2,1,continue,4,3,3,5,5,6,6,5,2,5,5,2,2,3,1,1,1,3,1,1,1,3,2,1,2,3,2,1
Evo,Evo_7,1,Evo_7-2,31,Psychiatry,Foundation year 2,2,5,6,2,2,5,5,6,6,5,6,6,4,3,7,2,1,2,1,1,1,1,1,1,1,1,3,1,2,2,3,1,continue,4,5,5,5,6,6,6,6,5,4,7,2,2,2,1,1,2,1,1,1,2,2,2,2,2,2,2,1
Evo,Evo_7,1,Evo_7-4,36,GPST2,St2,2,5,5,2,2,5,3,5,4,5,4,4,3,3,3,2,3,3,1,1,3,3,1,1,3,3,1,1,3,3,1,1,continue,3,4,4,5,4,5,5,5,5,2,4,2,3,3,1,1,3,3,1,1,3,3,1,1,3,3,1,1
Evo,Evo_7,1,Evo_7-5,25,General adult psychiatry,Fy2,2,5,3,1,3,6,3,5,6,5,6,6,7,2,3,2,1,1,4,1,1,1,1,1,1,1,4,1,1,1,1,1,continue,3,5,5,6,6,6,6,6,5,5,7,2,1,1,1,1,1,1,1,1,1,1,1,1,1,1,1,1
Evo,Evo_7,1,Evo_7-6,37,General Adult Psychiatry,Consultant,2,2,3,1,2,5,3,5,4,6,6,6,2,5,4,2,1,1,1,1,1,1,1,1,1,1,1,1,1,1,1,1,continue,4,5,5,6,5,6,6,6,6,5,5,2,1,1,1,1,1,1,1,1,1,1,1,1,1,1,1,1
Evo,Evo_7,1,Evo_7-7,25,Foundation,Fy2,1,3,5,1,2,6,5,5,5,6,4,7,3,4,3,2,3,5,1,1,1,1,1,1,3,3,4,1,1,3,5,1,continue,4,5,5,7,4,7,6,7,6,4,5,2,3,4,1,1,1,1,1,1,3,1,1,1,1,1,1,1
Evo,Evo_7,1,Evo_7-8,25,None,Fy2,1,2,2,5,5,6,3,5,5,6,5,2,3,6,6,2,3,3,2,1,3,5,1,1,2,5,1,1,3,4,5,1,continue,4,5,5,6,6,7,6,6,6,6,7,2,2,5,2,6,2,4,2,1,2,3,2,1,2,3,5,1
Evo,Evo_7,1,Evo_7-9,51,Eating disorders psychiatry,Consultant psychiatrist,1,3,3,2,2,5,5,5,4,6,6,4,2,6,4,2,1,1,1,1,1,1,1,1,1,1,1,1,1,1,1,1,continue,5,5,5,7,4,7,7,7,6,6,5,2,1,1,1,1,1,1,1,1,1,1,1,1,1,1,1,1
Evo,Evo_7,1,Evo_7-10,43,Old Age Psychiatry,Consultant,2,3,3,3,3,3,3,4,4,7,7,7,5,4,1,2,3,3,2,1,3,5,1,1,2,1,2,1,1,2,2,1,continue,4,4,4,4,3,5,6,3,4,5,5,2,3,3,1,1,3,3,1,1,2,3,1,1,3,3,1,1
Evo,Evo_7,1,Evo_7-11,29,Psychiatry core trainee,CT2,2,3,5,2,2,2,5,4,5,7,6,6,2,5,5,2,2,5,1,1,2,5,1,1,3,3,3,1,2,3,1,2,continue,3,3,3,6,5,7,6,6,6,5,4,2,2,3,1,1,3,3,1,1,2,2,1,1,2,3,2,2
Evo,Evo_7,1,Evo_7-12,30,GP trainee,GPST2,2,3,3,2,2,3,5,3,3,5,6,5,5,2,5,2,1,5,2,1,3,1,2,1,5,5,3,1,1,4,3,1,continue,4,5,5,5,6,7,5,6,4,6,5,2,3,5,1,1,3,4,1,1,3,4,2,1,2,5,3,1
Evo,Evo_7,1,Evo_7-13,41,Medical psychotherapy,Consultant,1,5,5,2,3,5,5,4,2,5,3,7,4,7,3,2,1,1,1,1,1,1,1,1,1,1,2,1,6,1,2,2,continue,5,5,5,4,4,6,5,7,6,7,5,2,1,1,1,1,1,1,1,1,2,1,2,1,2,1,2,2
Evo,Evo_8,0,Evo_8-1,NA,NA,Psychology,2,2,2,2,2,5,2,5,3,6,6,5,4,5,4,2,2,3,1,1,2,1,1,1,1,1,2,1,1,1,1,1,continue,4,5,5,7,4,7,6,4,5,6,6,2,1,1,1,1,1,1,1,1,1,1,1,1,1,1,1,1
Evo,Evo_8,0,Evo_8-2,57,Forensic Psychiatry,Consultant,2,6,6,1,1,3,6,5,2,7,7,7,4,6,2,2,1,1,1,1,1,1,1,1,1,1,1,1,1,1,1,1,continue,3,2,2,5,5,6,5,5,5,5,2,2,1,1,1,1,1,1,1,1,1,1,1,1,1,1,1,1
Evo,Evo_8,0,Evo_8-3,N/A,Psychologist,Qualified,2,3,5,3,1,5,5,6,3,7,6,5,2,5,4,2,2,2,2,2,1,2,1,2,2,2,2,2,2,2,1,1,continue,3,4,4,6,5,6,6,6,5,5,6,2,2,2,2,2,2,1,1,1,1,1,2,1,2,2,2,2
Evo,Evo_8,0,Evo_8-5,39,Forensic psychiatry,Consultant,2,5,5,1,1,5,5,6,4,5,6,5,4,5,4,2,2,1,2,2,3,2,2,1,2,2,3,1,2,2,3,1,continue,4,4,4,6,5,6,7,6,6,6,5,2,2,2,1,1,2,2,2,2,2,2,1,1,2,2,1,1
Evo,Evo_9,0,Evo_9-1,38,GA psychiatry,St5,2,3,5,2,2,5,2,5,5,7,7,4,5,5,4,2,2,2,1,1,1,1,1,1,1,1,4,1,1,2,1,1,continue,3,3,3,4,5,7,4,5,6,5,4,2,1,1,1,1,2,2,1,1,1,1,2,1,2,1,1,1
Evo,Evo_9,0,Evo_9-2,39,Psychiatry,ST6,2,2,5,2,2,5,5,6,6,7,7,4,2,5,5,2,1,1,1,1,1,1,1,1,1,1,2,1,1,1,2,1,continue,3,3,3,4,4,4,4,4,4,4,4,2,1,1,1,1,1,1,1,1,1,1,3,1,1,2,2,2
Evo,Evo_9,0,Evo_9-3,33,Psychiatry,St6,2,3,5,2,2,2,5,5,5,6,6,5,2,5,3,2,1,3,1,1,2,2,1,1,2,2,4,1,2,2,2,3,continue,4,5,5,7,5,7,7,6,7,6,6,2,1,1,1,1,1,1,2,1,2,2,2,2,2,2,2,2
Evo,Evo_9,0,Evo_9-4,39,Psychiatry,ST5,1,6,6,1,1,6,6,5,5,6,6,6,4,5,6,2,1,4,3,5,2,3,2,3,3,3,3,3,2,3,3,2,continue,4,5,5,5,6,6,6,6,5,6,6,2,2,3,2,2,1,2,2,2,2,2,2,2,2,2,2,2
Evo,Evo_9,0,Evo_9-5,29,Old age psychiatry,ST4,2,3,3,2,3,2,3,5,3,5,5,7,3,4,4,2,2,2,1,1,2,2,2,1,2,2,4,1,2,2,2,1,continue,4,5,5,5,4,6,5,6,2,5,5,2,2,6,1,1,2,2,1,1,1,2,2,2,2,2,2,2
Evo,Evo_9,0,Evo_9-6,29,Psychiatry,ST4,1,3,6,1,1,6,6,5,4,6,6,7,1,6,5,2,1,1,1,2,1,1,1,1,4,1,4,1,1,1,1,1,continue,5,5,5,6,5,7,7,7,6,6,7,2,1,6,1,1,1,1,1,1,4,1,1,1,1,1,1,1
Evo,Evo_9,0,Evo_9-7,33years,Psychiatry,ST5,2,5,3,3,2,5,3,5,5,5,5,6,5,4,4,2,1,1,1,1,1,1,1,1,1,1,1,1,1,1,1,1,continue,3,5,5,5,6,6,5,6,6,5,6,2,1,1,1,1,1,1,1,1,1,1,1,1,1,1,1,1
Evo,Evo_9,0,Evo_9-8,39,General Adult Psychiaty,ST5,1,5,6,1,2,6,6,4,2,5,6,6,2,6,5,2,1,4,1,1,1,3,1,1,3,1,4,1,1,2,1,1,continue,5,5,5,6,7,7,7,7,6,7,7,2,1,4,1,1,1,4,1,1,1,4,4,1,1,4,2,1
Evo,Evo_9,0,Evo_9-9,36,Psychiatry,ST5,2,6,6,1,5,5,6,4,3,6,7,3,7,4,4,2,2,2,2,1,1,2,1,1,2,1,3,1,2,2,2,2,continue,4,3,5,5,5,6,5,4,5,6,6,2,1,1,1,1,1,1,1,1,1,2,1,1,1,2,1,1
Evo,Evo_9,0,Evo_9-10,37,General Adult Psychiatry,ST4,2,3,5,1,1,6,6,3,3,6,5,6,5,4,3,2,5,5,4,2,5,4,1,1,3,3,2,3,1,1,1,1,continue,4,4,4,4,4,5,6,6,4,4,5,2,3,3,1,1,1,1,1,1,1,1,1,1,1,1,1,1
Evo,Evo_9,0,Evo_9-11,31,Psychiatry,St5,2,2,2,2,2,2,3,5,4,6,7,6,2,5,4,2,1,2,1,1,1,1,3,1,2,1,3,1,1,2,3,1,continue,2,3,2,4,4,4,5,4,4,4,5,2,1,2,2,1,1,1,2,1,2,1,1,1,1,1,1,1
Evo,Evo_9,0,Evo_9-12,33,Old age psychiatry,Registrar st4,2,3,3,2,3,2,3,4,5,5,4,2,2,5,4,2,5,5,1,1,5,1,1,1,5,5,1,1,2,5,1,1,continue,4,5,5,5,3,6,5,5,5,6,6,2,4,3,1,1,3,2,1,1,5,1,1,1,1,3,1,1
Evo,Evo_9,0,Evo_9-13,38,General Psychiatry,ST5,2,3,3,3,3,3,3,3,3,3,4,3,3,5,3,2,3,3,3,2,4,4,1,1,3,3,3,1,3,3,2,2,continue,3,3,3,4,4,4,4,6,3,4,5,2,3,3,1,1,3,4,1,1,3,3,1,1,5,3,1,1
Evo,Evo_9,0,Evo_9-14,40,Old age psychiatry,Specialty Trainee ST4,2,3,5,1,2,6,2,5,5,6,4,7,3,5,4,2,3,2,1,1,1,1,1,1,2,3,1,1,1,1,1,1,continue,4,4,3,6,5,6,5,5,5,6,5,2,1,1,1,1,1,1,1,1,2,2,1,1,1,1,1,1
Evo,Evo_9,0,Evo_9-15,35,General Adult Psychiatry,ST6,1,5,5,3,2,5,5,5,3,5,5,5,2,4,5,2,3,3,2,2,1,1,1,1,1,1,3,1,1,1,1,1,continue,4,4,4,4,6,5,5,2,6,5,6,2,3,2,2,2,2,2,2,2,2,2,2,2,2,2,2,2
Gen,Gen_10,0,Gen_10-1,28,Psychiatry,CT3,2,5,6,1,1,5,5,5,5,7,7,6,2,5,4,2,1,1,1,1,1,1,1,1,2,3,4,1,1,1,2,1,continue,4,3,4,5,5,5,4,4,5,5,5,2,1,1,1,1,1,2,1,1,3,3,2,1,2,2,4,1
Gen,Gen_10,0,Gen_10-2,29,Psychiatry,SAS,1,3,3,3,2,5,5,7,3,7,5,4,1,5,3,2,1,4,3,2,1,1,2,2,6,2,2,1,1,1,2,2,continue,4,3,4,5,4,7,5,4,7,6,4,2,1,1,1,1,1,1,1,1,3,1,1,1,1,2,1,1
Gen,Gen_10,0,Gen_10-5,42,General Adult,ST4,2,3,5,1,1,5,6,4,5,6,6,5,3,4,3,2,4,4,1,1,3,4,1,1,5,5,1,1,4,4,1,1,continue,2,3,3,5,3,4,4,3,4,3,4,2,3,3,1,1,5,4,1,1,4,4,1,1,3,3,1,1
Gen,Gen_10,0,Gen_10-6,31,gp,gpts2,1,3,5,1,2,6,5,4,6,6,5,6,1,6,3,2,1,4,1,1,1,1,1,1,1,1,4,1,1,1,2,4,continue,3,2,3,5,7,6,6,7,7,6,4,2,1,1,1,2,1,1,1,1,1,1,2,1,1,1,4,4
Gen,Gen_2,0,Gen_2-1,35,Psychiatry higher trainee older adult,ST4,2,5,5,2,2,5,3,5,5,4,5,5,5,4,5,2,1,1,2,1,2,2,1,1,1,2,2,2,2,2,2,2,continue,3,2,2,5,5,5,5,5,6,4,5,2,2,2,2,2,2,2,2,2,2,2,2,2,2,2,2,2
Gen,Gen_2,0,Gen_2-2,25,Psychiatry,Fy2,2,3,5,2,2,5,5,6,5,3,6,5,5,4,5,2,2,5,6,2,4,3,2,2,3,3,5,2,3,4,2,3,continue,3,3,4,5,4,4,6,6,5,4,5,2,3,5,3,3,3,3,3,3,3,3,3,3,3,3,3,3
Gen,Gen_2,0,Gen_2-3,38,Old age psychiatry,Locum specialty Doctor,1,1,2,5,5,3,2,4,6,7,6,5,7,5,5,2,1,1,1,1,1,1,1,1,1,1,2,2,1,1,2,2,continue,3,4,4,7,6,7,7,5,7,5,6,2,1,1,2,2,3,1,2,1,2,1,2,1,1,1,2,1
Gen,Gen_2,0,Gen_2-4,49,psychiatry,consultant,1,3,5,1,2,5,5,5,3,6,6,6,3,6,4,2,1,1,1,1,1,7,1,1,1,1,1,1,1,1,1,1,continue,4,4,4,5,4,5,5,6,4,6,5,2,1,1,1,1,1,1,1,1,1,1,1,1,1,1,1,1
Gen,Gen_2,0,Gen_2-5,35,Acute & urgent mental health care,Trainee Advanced Clinical Practitioner,2,3,3,2,2,5,3,7,4,7,7,6,1,5,3,2,1,1,3,2,2,2,1,1,2,2,5,2,2,2,2,2,continue,3,4,4,5,3,5,5,5,5,5,2,2,2,2,2,2,2,2,2,2,2,2,3,2,2,3,2,2
Gen,Gen_2,0,Gen_2-6,40,Trainee advanced clinical practitioner,Trainee year 1,2,1,6,6,1,5,5,7,4,7,7,7,6,5,4,2,2,2,1,1,7,1,1,1,2,1,1,1,1,2,1,2,continue,4,3,4,7,4,7,7,5,6,6,4,2,1,2,1,1,1,1,2,1,2,2,1,1,1,2,1,1
Gen,Gen_2,0,Gen_2-7,50,General Adult Psychiatry,Consultant,2,3,3,2,5,5,5,4,4,5,5,4,3,5,5,2,2,3,1,4,4,4,1,4,3,4,3,4,2,4,1,1,continue,3,3,2,5,4,4,5,4,4,4,4,2,4,4,1,1,4,2,1,4,3,5,4,4,2,4,1,1
Gen,Gen_2,0,Gen_2-9,43,Mental health nurse,Trainee ACP,2,3,3,5,3,6,3,7,6,7,7,7,4,5,4,2,1,1,4,1,1,1,4,4,1,1,4,4,1,1,4,4,continue,4,4,5,7,6,5,7,7,3,4,5,2,4,4,4,4,1,1,7,1,1,1,1,1,1,1,1,1
Gen,Gen_2,0,Gen_2-10,63,General Adult,consultant,1,3,3,5,5,5,3,5,6,7,5,6,6,4,2,2,2,2,3,6,6,1,3,3,2,2,3,3,2,3,3,3,continue,4,4,4,4,6,6,6,6,3,7,6,2,1,2,3,3,2,1,3,3,6,5,3,7,2,3,3,3
Gen,Gen_2,0,Gen_2-11,32,Psychiatry,CT,1,2,3,3,3,5,2,5,6,6,6,7,3,4,5,2,2,3,2,1,2,3,1,1,2,2,3,1,1,3,2,1,continue,4,4,5,5,6,6,5,5,4,4,5,2,3,3,1,1,2,2,2,1,3,2,3,1,2,1,2,2
Gen,Gen_2,0,Gen_2-12,54,old age psychiatry,ST5,2,3,3,3,2,6,6,7,7,7,7,7,7,5,4,2,1,1,4,1,2,1,4,1,6,4,4,1,7,4,7,3,continue,3,3,3,7,5,6,5,7,5,5,5,2,1,1,4,1,4,7,1,4,4,4,4,1,4,4,4,4
Gen,Gen_2,0,Gen_2-14,57,General Adult psychiatry,Specialty Doctor,2,3,6,1,1,5,6,5,2,7,4,5,4,6,3,2,1,1,4,6,1,3,3,1,1,3,7,1,1,1,5,1,continue,3,3,3,5,4,5,5,5,4,4,4,2,1,5,1,3,1,2,1,1,3,1,3,1,1,1,3,1
Gen,Gen_2,0,Gen_2-15,66,Psychiatry,Consultant,1,5,3,1,1,5,5,3,4,7,7,4,3,5,4,2,2,2,4,1,2,2,4,1,3,2,6,1,2,4,6,1,continue,4,3,4,6,7,6,6,5,5,5,5,2,3,2,6,1,1,4,5,1,4,4,6,1,2,4,6,1
Gen,Gen_2,0,Gen_2-16,33,Psychiatry,SAS doctor,1,6,6,1,1,6,6,5,5,7,5,5,4,7,3,2,1,2,3,1,1,1,1,1,2,1,3,1,1,1,2,1,continue,3,4,4,6,4,7,7,5,5,7,4,2,2,1,1,1,1,1,1,1,1,1,1,1,1,1,1,1
Gen,Gen_3,1,Gen_3-2,58,Adult Psychiatry,Consultant,1,3,3,1,2,5,3,6,4,6,6,6,1,5,5,2,1,1,1,1,1,1,2,1,1,1,2,1,1,1,4,2,continue,4,1,1,4,4,3,7,4,7,4,4,2,1,1,2,2,1,1,3,1,1,1,3,1,1,1,3,1
Gen,Gen_3,1,Gen_3-3,27,Psychiatry,SHO,1,2,2,3,3,5,5,5,5,6,5,5,5,4,4,2,2,4,2,1,2,2,2,2,2,2,3,1,2,2,2,2,continue,4,5,5,6,7,6,6,6,5,6,7,2,2,4,1,2,2,2,3,2,2,2,2,2,2,2,2,1
Gen,Gen_3,1,Gen_3-4,49,Old Age Psychiatry,Consultant,2,6,6,1,1,6,1,5,6,7,7,6,3,4,5,2,2,2,3,2,2,2,2,2,3,2,3,3,3,3,3,3,continue,4,4,4,5,5,6,4,4,5,5,5,2,2,2,2,2,2,2,3,3,3,3,3,3,3,3,3,3
Gen,Gen_3,1,Gen_3-5,58,Consultant Psychiatry,Consultant,1,6,6,1,1,6,6,3,4,4,2,7,4,4,7,2,2,5,2,1,5,2,2,1,2,2,2,1,1,1,2,2,continue,4,4,5,4,7,2,2,3,2,5,7,2,2,2,1,1,2,1,1,1,2,1,2,1,2,2,1,1
Gen,Gen_3,1,Gen_3-6,29,Psychiatry,GP TRAINEE,1,5,5,3,2,6,6,7,3,7,7,6,4,6,4,2,1,2,7,1,2,1,4,1,2,3,7,1,1,3,7,1,continue,3,2,3,6,3,6,7,5,5,5,5,2,6,3,4,1,1,1,4,1,1,1,5,1,1,3,4,1
Gen,Gen_3,1,Gen_3-7,50,GP,Early,1,3,6,3,1,6,6,7,6,7,7,7,7,6,4,2,1,4,1,1,1,1,1,1,1,1,1,1,1,1,1,1,continue,3,2,3,4,5,7,7,4,7,2,7,2,1,1,1,1,1,1,1,1,1,1,1,1,1,1,1,1
Gen,Gen_3,1,Gen_3-8,72,Psychiatry,Consultant,2,3,6,1,1,6,6,6,6,7,5,7,3,5,6,2,2,1,1,1,1,1,1,1,1,1,3,1,1,1,1,1,continue,4,3,5,5,5,7,5,6,4,3,5,2,1,2,2,3,1,1,3,2,1,2,1,2,1,1,2,2
Gen,Gen_3,1,Gen_3-10,26,Psychiatry,Foundation year,1,3,5,2,2,5,5,5,6,7,5,5,3,4,3,2,2,5,1,1,2,2,1,1,2,2,3,2,2,2,1,1,continue,4,3,4,5,4,6,5,5,4,5,5,2,3,3,1,1,3,3,1,1,3,3,1,1,3,3,1,1
Gen,Gen_3,1,Gen_3-11,65,Psychiatry,Consultant,1,3,3,2,2,5,5,5,5,6,5,7,7,5,4,2,1,1,1,1,1,1,1,1,1,1,3,1,1,1,1,1,continue,2,2,2,5,5,5,4,4,5,4,5,2,1,1,1,1,1,1,1,1,1,1,2,1,1,1,1,1
Gen,Gen_3,1,Gen_3-12,28,PSYC,SHO,1,3,2,3,3,5,5,7,5,7,7,7,5,5,7,2,2,2,6,1,2,3,2,2,3,3,6,1,2,2,2,2,continue,4,3,4,7,7,7,4,6,3,6,6,2,3,2,3,2,3,2,3,2,3,1,3,1,2,2,3,1
Gen,Gen_4,0,Gen_4-1,30,Psychiatry,CT1 trainee,1,3,5,2,2,3,5,5,2,7,7,6,2,4,3,2,1,1,1,1,1,1,1,1,1,1,1,1,1,1,1,1,continue,3,4,4,7,5,7,6,7,7,6,7,2,1,1,1,1,1,1,1,1,1,1,1,1,1,1,1,1
Gen,Gen_4,0,Gen_4-4,46,Adult Psychiatry,Consultant,2,5,5,1,1,5,3,5,4,6,5,5,3,5,5,2,3,3,3,1,2,2,1,1,2,2,1,1,2,2,1,1,continue,4,2,4,5,5,6,5,4,6,6,5,2,3,3,3,1,2,2,2,2,2,2,2,2,2,2,2,2
Gen,Gen_4,0,Gen_4-5,33,Acute psychiatry,Clinical fellow,2,3,3,3,2,5,3,3,3,5,7,3,3,5,3,2,1,1,4,4,1,1,1,1,4,4,4,1,1,1,1,4,continue,3,5,5,6,5,6,6,4,5,4,5,2,1,4,1,1,4,1,1,1,4,4,1,1,1,1,1,1
Gen,Gen_4,0,Gen_4-6,32,Psychiatry,CT1,2,3,5,3,3,3,5,5,3,6,6,7,5,5,4,2,2,1,4,1,2,1,4,1,2,4,6,1,1,4,6,1,continue,4,4,5,5,5,6,5,5,5,5,4,2,2,3,4,2,2,2,4,2,2,2,5,2,2,3,4,3
Gen,Gen_5,0,Gen_5-1,30,Trainee Advanced Clinical Practitioner,First Year,2,3,5,2,3,5,5,5,3,6,5,5,2,7,4,2,3,3,1,1,3,1,1,1,3,3,2,1,2,3,1,1,continue,3,3,4,6,4,6,5,5,6,7,4,2,2,3,1,1,3,1,1,1,3,3,1,1,2,3,2,1
Gen,Gen_5,0,Gen_5-2,35,Dual. Medical Psychotherapy / General Adult Psychiatry,ST6,1,5,5,2,2,5,5,5,3,5,6,5,4,4,4,2,1,1,1,1,1,2,1,1,2,2,4,3,4,3,4,4,continue,4,1,1,5,3,4,5,5,3,4,4,2,1,1,1,1,1,1,1,1,1,1,1,1,1,1,1,1
Gen,Gen_5,0,Gen_5-3,39,Adult Psychiatry,St5,1,5,5,2,3,5,5,5,3,7,6,5,4,4,4,2,4,4,2,4,2,2,3,3,3,3,3,2,3,3,2,3,continue,4,3,4,5,4,4,5,5,5,4,4,2,2,3,3,3,3,3,3,2,4,3,3,3,3,3,3,3
Gen,Gen_5,0,Gen_5-4,49,Mental health,Acp,2,3,5,2,2,3,5,4,3,7,7,3,2,5,1,2,1,1,1,1,1,1,1,1,1,1,1,1,1,1,1,1,continue,3,2,3,6,4,6,7,4,7,5,4,2,1,1,1,1,1,1,1,1,1,1,1,1,1,1,1,1
Gen,Gen_6,0,Gen_6-2,35,Psychiatry,CT1,1,6,6,1,1,6,6,4,4,5,5,4,4,5,5,2,2,2,1,1,2,2,1,1,2,2,4,1,3,2,3,1,continue,5,1,1,5,5,5,5,4,4,5,5,2,4,4,4,4,4,4,4,4,4,4,4,4,4,4,4,4
Gen,Gen_6,0,Gen_6-3,31,Psychiatry,CT2,1,3,5,3,6,5,5,6,5,7,6,6,4,6,3,2,2,5,2,5,3,3,2,1,1,2,2,1,1,1,1,1,continue,4,4,4,4,5,6,5,7,4,5,5,2,3,3,3,2,3,2,2,2,2,1,1,1,3,2,2,1
Gen,Gen_6,0,Gen_6-4,30,Psychiatry,CT3,1,6,6,1,1,5,3,3,5,4,3,4,6,5,3,2,1,1,1,1,1,1,1,1,1,1,3,1,1,1,1,3,continue,3,1,3,3,5,3,3,5,3,5,2,2,1,1,1,1,1,1,1,1,1,1,1,1,1,1,1,3
Gen,Gen_6,0,Gen_6-5,48,GPST1,ST1,2,1,1,6,6,6,6,7,1,7,5,3,6,5,3,2,1,4,7,1,1,1,4,4,1,1,7,1,1,1,4,1,continue,4,4,4,7,4,7,5,5,7,6,6,2,1,4,7,1,1,4,4,1,1,1,4,1,1,1,4,1
Gen,Gen_7,1,Gen_7-1,30,General and Old Age Psychiatry,ST5,1,5,5,2,2,3,5,6,4,6,5,5,3,5,5,2,1,2,1,1,2,2,1,2,1,2,3,3,2,2,2,2,continue,4,2,2,4,5,5,5,5,5,5,3,2,2,2,2,2,2,2,2,2,2,2,2,2,2,2,2,2
Gen,Gen_7,1,Gen_7-2,31,Nil,F1,1,5,3,2,2,6,3,6,5,6,5,2,3,1,2,2,1,1,4,1,1,1,1,1,1,1,4,1,1,1,4,1,continue,4,2,3,3,5,6,4,3,3,3,5,2,4,4,4,1,4,1,1,1,4,1,4,1,1,1,4,1
Gen,Gen_7,1,Gen_7-3,35,Psychiatry,Ct1,2,3,6,3,3,6,6,7,4,7,7,7,1,4,4,2,1,1,1,1,1,1,1,1,1,1,1,1,1,1,4,4,continue,3,5,5,7,5,7,7,5,7,5,7,2,1,1,1,1,1,1,1,1,1,1,1,1,1,1,1,1
Gen,Gen_7,1,Gen_7-4,32,Psychiatry,CT3,2,1,3,1,3,3,3,2,5,5,2,4,4,3,5,2,3,3,1,1,1,1,1,1,1,1,3,1,1,2,1,1,continue,2,2,2,2,5,4,5,3,3,3,5,2,3,2,1,1,3,2,1,1,2,1,2,1,2,2,2,1
Gen,Gen_7,1,Gen_7-5,28,Psychiatry,CT3,2,3,5,2,3,5,5,5,4,6,6,5,2,5,4,2,3,3,1,1,3,2,1,1,3,3,5,1,3,3,5,3,continue,3,2,2,3,4,4,3,3,3,3,2,2,3,3,3,3,3,3,3,1,3,3,1,1,3,3,5,1
Gen,Gen_7,1,Gen_7-6,35,Psychiatry,StR,1,5,5,2,3,5,5,5,3,6,5,5,2,3,5,2,2,3,1,1,3,2,3,1,3,3,4,3,2,3,5,2,continue,4,5,4,5,3,6,5,5,4,5,5,2,2,3,3,2,2,3,2,3,3,2,4,2,2,1,4,2
Gen,Gen_8,0,Gen_8-1,35,General,ST,2,5,5,2,2,6,3,5,3,5,5,7,1,5,5,2,2,2,2,2,2,2,1,1,3,3,2,1,2,2,2,2,continue,4,4,4,5,5,5,5,5,3,5,5,2,2,2,2,2,2,2,2,2,2,2,1,2,2,2,2,2
Gen,Gen_8,0,Gen_8-2,46,Psych,Core,2,3,3,2,3,3,3,5,5,7,4,6,5,4,3,2,1,4,2,2,4,2,2,2,2,2,2,2,2,2,2,2,continue,3,3,4,4,6,5,3,3,3,4,5,2,2,2,2,2,2,2,2,2,2,2,2,2,2,2,2,2
Gen,Gen_8,0,Gen_8-3,32,OA/GA,ST5,2,5,5,2,2,5,5,6,5,5,5,6,3,3,4,2,1,1,1,1,1,2,1,1,2,1,1,1,1,1,1,1,continue,4,3,4,2,3,4,3,3,3,3,2,2,2,5,1,1,2,2,1,1,2,2,1,1,3,3,1,1
Gen,Gen_8,0,Gen_8-4,53,General Adult Psychiatry,Consultant,1,6,5,1,2,6,6,7,5,7,6,7,2,6,5,2,2,2,2,2,2,1,1,1,2,2,1,1,1,1,1,1,continue,3,2,2,3,3,3,3,3,3,5,3,2,2,2,2,2,2,2,2,2,2,2,2,2,2,2,2,2
Gen,Gen_8,0,Gen_8-5,27,N/A,FY2,2,3,5,2,2,5,3,5,5,5,5,6,2,6,5,2,1,2,3,1,3,2,2,1,3,1,5,1,2,1,5,2,continue,4,4,5,6,5,5,6,4,6,6,6,2,1,2,3,2,3,1,3,1,3,3,4,2,2,2,5,3
Gen,Gen_8,0,Gen_8-6,51,PSYCHIATRY,SPECIALIST,2,3,3,2,2,5,3,7,7,7,6,6,4,6,5,2,2,2,3,1,1,2,3,1,1,2,2,1,1,2,4,2,continue,4,3,5,7,6,7,7,6,5,7,6,2,1,1,2,1,1,1,4,1,2,1,5,1,1,2,5,2
Gen,Gen_8,0,Gen_8-7,59,adult psychiatry,retired,1,5,5,3,2,5,3,4,5,4,5,4,4,4,3,2,3,3,4,3,3,3,4,3,3,3,4,4,3,4,5,3,continue,3,2,2,4,4,4,4,4,4,4,3,2,3,3,4,3,3,3,3,3,3,3,4,3,3,3,5,3
Gen,Gen_8,0,Gen_8-8,36,psychiatry old age,consultant,1,2,1,3,5,5,2,4,6,6,7,5,5,4,3,2,5,1,2,1,4,1,1,1,5,1,3,1,1,1,6,1,continue,3,3,4,4,4,7,6,7,4,4,6,2,2,1,2,1,2,2,3,1,4,2,5,1,2,2,4,1
Gen,Gen_8,0,Gen_8-9,28,Psychiatry,CT1,2,5,5,1,1,5,5,5,5,6,5,4,2,4,4,2,2,3,2,1,2,2,1,1,2,3,2,1,2,2,1,1,continue,3,3,4,4,4,6,5,3,5,4,6,2,2,2,1,1,2,4,1,1,2,4,1,1,2,4,1,1
Gen,Gen_8,0,Gen_8-10,X,X,completed,4,2,5,1,1,5,6,5,5,5,4,5,5,2,4,2,3,4,1,1,1,1,1,1,4,4,1,1,2,2,2,2,continue,3,1,3,2,3,2,2,2,2,2,2,2,2,2,2,4,2,2,1,1,1,1,1,1,4,1,1,1
Gen,Gen_8,0,Gen_8-11,38,adult psychiatry,ST4,2,2,1,2,2,5,3,6,4,6,5,6,4,4,6,2,3,3,3,1,2,2,1,1,3,4,1,1,1,4,2,2,continue,4,3,4,6,6,7,6,6,5,5,6,2,2,6,2,2,2,2,2,2,2,2,2,2,2,2,2,2
Gen,Gen_8,0,Gen_8-12,33,psychiatry,ct1,2,3,2,2,3,2,2,6,5,7,7,7,1,5,7,2,1,5,3,1,1,5,2,2,2,4,6,1,1,1,3,2,continue,3,3,3,5,4,7,7,5,5,4,4,2,1,3,3,1,1,3,1,1,1,3,6,1,4,4,4,4
Gen,Gen_8,0,Gen_8-14,40,Perinatal Psychiatry,Consultant,2,3,5,2,1,5,2,4,4,5,5,4,3,6,4,2,3,4,1,1,3,3,1,1,3,3,4,1,3,3,1,1,continue,4,4,4,4,5,4,5,4,4,6,4,2,3,3,1,1,3,3,1,1,4,3,1,1,3,3,3,1
Gen,Gen_8,0,Gen_8-15,33,Général Adult Psychiatry,ST5,1,2,5,2,2,5,5,6,4,7,7,5,6,5,6,2,1,1,1,1,1,1,1,1,1,1,1,1,1,1,1,1,continue,3,3,4,4,4,6,6,5,5,4,3,2,1,1,1,1,1,1,1,1,1,1,1,1,1,1,1,1
Gen,Gen_8,0,Gen_8-16,27,Psychiatry,CT1,1,5,3,2,2,5,5,5,5,6,6,6,3,4,4,2,1,4,1,5,3,2,1,1,5,4,2,2,2,2,2,3,continue,3,2,4,5,5,5,5,5,4,4,5,2,3,3,3,3,3,2,3,2,3,2,3,2,2,3,3,3
Gen,Gen_8,0,Gen_8-17,48,Substance misuse,NMP,2,3,3,2,5,5,3,5,5,5,5,5,4,5,5,2,2,3,4,2,2,3,3,2,3,3,5,2,5,4,4,3,continue,4,2,3,2,4,3,4,4,2,4,3,2,4,3,4,2,4,4,3,3,3,3,4,4,3,3,2,2
Gen,Gen_8,0,Gen_8-18,28,Forensics,CT1,2,5,3,5,3,5,6,6,4,7,5,5,2,3,2,2,2,1,2,1,2,1,2,1,2,1,6,1,2,1,2,1,continue,3,4,5,4,6,5,5,3,3,4,5,2,3,1,2,1,5,4,2,1,5,1,2,1,5,5,5,5
Gen,Gen_8,0,Gen_8-19,56,Psychitry,SAS,1,3,3,5,5,5,3,5,5,5,4,5,4,4,4,2,2,3,4,3,3,3,2,2,3,3,3,2,2,3,3,2,continue,5,2,3,3,4,3,2,3,3,4,3,2,3,3,3,2,3,3,2,2,3,3,3,2,2,3,3,2
Gen,Gen_8,0,Gen_8-20,62,Psychiatry,Specialist Psychiatrist,1,2,2,3,3,3,3,5,5,6,5,5,4,4,4,2,1,2,2,3,1,2,1,3,3,1,1,1,1,1,2,1,continue,4,3,4,5,5,6,5,4,4,5,5,2,3,3,3,2,1,1,1,1,1,1,3,1,1,1,3,1
Gen,Gen_9,0,Gen_9-2,34,CAMHS,ST5,1,5,5,2,3,2,3,4,6,5,4,4,6,4,6,2,2,5,1,1,3,1,1,1,1,1,1,1,1,1,1,1,continue,3,2,2,4,4,4,4,4,4,4,4,2,4,4,4,4,4,4,4,4,4,4,4,4,4,4,4,4
Gen,Gen_9,0,Gen_9-3,42,child and adolescent psychiatry,ST6,2,3,3,2,3,3,5,7,4,6,6,7,3,6,5,2,2,3,2,1,1,2,2,2,2,2,3,1,2,2,2,2,continue,4,4,4,6,5,6,6,6,5,4,5,2,2,3,2,2,2,2,2,2,3,2,2,2,2,2,2,2
Gen,Gen_9,0,Gen_9-5,35,CAMHS,ST4,1,3,3,2,2,5,3,5,6,6,6,4,3,5,2,2,2,2,3,2,1,1,2,1,2,3,4,1,1,1,4,2,continue,3,2,2,5,4,6,6,5,4,5,3,2,2,4,5,6,1,1,2,1,4,2,2,1,2,1,2,1
Gen,Gen_9,0,Gen_9-6,34,CAMHs,ST5,1,5,5,1,2,5,5,2,5,6,5,5,4,3,3,2,2,2,2,2,2,2,6,2,2,6,3,2,2,2,2,2,continue,4,4,4,6,4,6,6,6,6,6,6,2,2,2,2,2,2,2,2,2,2,2,2,2,2,2,2,2
Gen,Gen_9,0,Gen_9-7,47,Psychiatry,SPR,1,5,5,1,2,5,6,6,6,6,6,6,2,5,5,2,1,2,1,1,1,1,1,1,1,1,2,1,2,2,2,1,continue,3,3,4,6,6,6,6,6,3,5,6,2,1,1,2,2,2,1,1,1,2,2,2,2,2,2,2,1
